{"pitch": [-3.1347606058555035, 14.117211802357026, 160.35807694759214, 30.874222939370785], "energy": [-1.449959635734558, 5.024573802947998, 47.969616680801415, 32.773736777147036]}