{"pitch": [-5.115876270905433, 13.899613354836136, 160.100170448999, 31.84017364264565], "energy": [-1.4535194635391235, 5.275699138641357, 47.562260712386305, 33.718006083086024]}